{"language":"en","data":{"[00]ItemsObtained":{"message_0":{"text":"\\wra\\nw[7] was found!\n"}},"[01]OmoriPrologue":{"message_0":{"text":"The door is locked. What would you like to do?\n"},"message_1":{"text":"You stared at the door.\n"},"message_2":{"text":"\\whoKnock, knock!\n"},"message_3":{"text":"\\who\\{Who’s there!?\n"},"message_4":{"text":"\\who... That was for \\n[1]... Not you, \\n[2]!\n"},"message_5":{"text":"\\wra\\aubBut you know how quiet \\n[1] is. It’s not like \\n[1] would answer you anyway!\n"},"message_6":{"text":"\\wra\\whoHmph... Well, how is \\{anyone\\} supposed to answer me with you yelling all the time??\n"},"message_7":{"text":"\\wra\\aubW-What do you mean? You’re the one who’s \\Com[1000]\\{yelling\\}, \\n[3]!\n"},"message_8":{"text":"\\wra\\whoShh... Settle down, you two! It’s getting too loud. \\n[1]’s probably sleeping again.\n"},"message_9":{"text":"\\wra\\aubYeah, \\n[4]’s right. Shut up, \\n[3]!\n"},"message_10":{"text":"\\kelBut \\n[1] was looking through the keyhole just now!<br>\\}Why do you think I was even knocking in the first place...?\\{\n"},"message_11":{"text":"\\wra\\aubOh, \\n[1]’s awake, huh?\n"},"message_12":{"text":"\\kelYeah? So what?\n"},"message_13":{"text":"\\aub\\Com[1000]Hey, \\n[1]! If you can hear me...<br>\\Com[1000]\\fb\\{\\n[3] has a mole on his-!\n"},"message_14":{"text":"\\kel\\Com[1000]\\fb\\{Why, you-!\n"},"message_15":{"text":"\\wra\\her\\fb\\{Hey hey,\\}\\fr break it up! We're in the middle of a card game, remember? You two can settle this there.\n"},"message_25":{"text":"\\wraYou looked through the keyhole.\n"},"message_26":{"text":"\\wraAnd you find someone looking straight back at you!\n"},"message_16":{"text":"\\wra\\catMeow? (Waiting for something?)\n"},"message_17":{"text":"\\wraYou booted up your laptop.\n"},"message_18":{"text":"\\wraWhat would you like to do?\n"},"message_19":{"text":"\\wraYou have played this game 4_ _ times.\n"},"message_20":{"text":"\\wraYou have watched this episode 4_ _ times.\n"},"message_21":{"text":"\\wraThe heat from the laptop warmed your lap. It felt pretty nice.\n"},"message_22":{"text":"\\wraA lightbulb hangs from the ceiling, wherever it is. \\! Look into the lightbulb?\n"},"message_23":{"text":"\\wraIt’s pitch black inside.\\|.\\|.\\| Can’t see a thing.\n"},"message_24":{"text":"\\wraYou found a \\ni[504].\n"}},"[02]NEIGHBORSWELCOME":{"message_0":{"faceset":"02_AUBREY_OW","faceindex":6,"text":"\\aubHi, \\n[1]! Hehe~ \\!Sorry about the noise earlier...<brl>Wanna play cards with us?\\! We were just about to start another game.\n"},"message_1":{"faceset":"02_AUBREY_OW","faceindex":1,"text":"\\aubOh! \\!...Whoops.<br>\\}Nevermind.\n"},"message_2":{"faceset":"03_KEL_OW1","faceindex":0,"text":"\\kelMan! What the heck, \\n[2]! \\!I was winning too...\n"},"message_3":{"faceset":"04_HERO_OW","faceindex":5,"text":"\\herHey there, \\n[3], no need to get angry.<br>\\!It’s just a game, after all.\n"},"message_4":{"faceset":"03_KEL_OW1","faceindex":7,"text":"\\kelDon’t give me that, \\n[4]! \\!<br>You only say that ‘cause you were losing.\n"},"message_5":{"faceset":"04_HERO_OW","faceindex":2,"text":"\\her...\n"},"message_6":{"faceset":"02_AUBREY_OW","faceindex":7,"text":"\\aubI-is that...?\n"},"message_7":{"faceset":"02_AUBREY_OW","faceindex":6,"text":"\\aubCould it be?\n"},"message_8":{"text":"AUBREY snatched the \\nw[7] from you.\n"},"message_9":{"faceset":"02_AUBREY_OW","faceindex":2,"text":"\\aubHey \\n[3]...\\! Look what I got~!\n"},"message_10":{"faceset":"03_KEL_OW1","faceindex":0,"text":"\\kel\\{Aw, what the heck!\\} \\!Where did you get that?\n"},"message_11":{"faceset":"02_AUBREY_OW","faceindex":7,"text":"\\aub\\n[1] found it~\n"},"message_12":{"faceset":"02_AUBREY_OW","faceindex":2,"text":"\\aubLucky for me, I’ve got some \\{real\\} friends!\n"},"message_13":{"faceset":"04_HERO_OW","faceindex":1,"text":"\\herServes you right, \\n[3]. \\!You should know better than picking on others.\n"},"message_14":{"faceset":"03_KEL_OW1","faceindex":0,"text":"\\kelBut she started it! \\!She was the one who was making fun of me for having a mole on my-\n"},"message_15":{"faceset":"02_AUBREY_OW","faceindex":2,"text":"\\aubOn your...\\|\\|what?\n"},"message_16":{"faceset":"03_KEL_OW2","faceindex":0,"text":"\\kel...\n"},"message_17":{"faceset":"04_HERO_OW","faceindex":3,"text":"\\her\\n[2]...\n"},"message_18":{"faceset":"02_AUBREY_OW","faceindex":5,"text":"\\aubFine......\n"},"message_19":{"faceset":"02_AUBREY_OW","faceindex":2,"text":"\\aubYay! Thank you, \\n[1]! \\!I knew I could count on you.\\!<br>You’re the best!\n"},"message_20":{"faceset":"02_AUBREY_OW","faceindex":6,"text":"\\aubHi, \\n[1]! Hehe~ Sorry about the noise earlier.\n"},"message_27":{"faceset":"02_AUBREY_OW","faceindex":3,"text":"\\aubWhy would he do something like that? \\!So immature… \\!I mean, what did I ever do to him!?\n"},"message_28":{"faceset":"02_AUBREY_OW","faceindex":2,"text":"\\aubAnyway enough about \\n[3]...\\! Can you find my STUFFED PLANTEGG for me? \\! <br>Pretty please? Hehe~\n"},"message_21":{"faceset":"03_KEL_BATTLE","faceindex":2,"text":"\\kelYo \\n[1], \\! look at what I found the other day!\n"},"message_22":{"faceset":"03_KEL_BATTLE","faceindex":4,"text":"\\kelIt’s a PET ROCK... \\!Isn’t he awesome?\n"},"message_23":{"faceset":"03_KEL_BATTLE","faceindex":8,"text":"\\kelI’m gonna name him KEVIN!!\n"},"message_24":{"faceset":"04_HERO_BATTLE","faceindex":13,"text":"\\herHey, \\n[1]! Sorry about \\n[3], you know how he is...\n"},"message_26":{"faceset":"04_HERO_OW","faceindex":2,"text":"\\herThen again, \\.\\.\\n[2]’s been picking on him so much lately… <br>\\.\\. so it goes both ways, I guess.\n"},"message_35":{"faceset":"04_HERO_OW","faceindex":5,"text":"\\herNow that \\{that’s\\} settled, let’s meet the others in the FOREST PLAYGROUND.\\!<br> Are you ready to go, OMORI?\n"},"message_25":{"text":"You can't leave without your friends.\n"},"message_29":{"text":"You feel like you are being watched...\n"},"message_30":{"text":"An old TV. It's just playing the same old nonsense.\n"},"message_31":{"text":"A photo of someone familiar.\n"},"message_32":{"text":"One of \\n[2]'s stuffed toys.\n"},"message_33":{"text":"Sssss... (Waiting for something?)\n"},"message_34":{"text":"You found a key!.\\ ..\\..\\..\\\n"}},"[XX]DEBUG":{"message_1":{"text":"\\wraAre you sure?\n"}},"[XX]QUEST":{"message_1":{"faceset":"01_OmoriFaceset","faceindex":0,"text":"\\omo\\wraHi \\n[15]! Do you need a \\ii[502]?\n"},"message_2":{"text":"\\bas\\wraThank you \\n[1]!!!\n"},"message_3":{"text":"\\bas\\wraThat's not it, sorry.\n"},"message_4":{"text":"\\bas\\wraThis tutorial is really useful!\n"}},"[XX]TAGTEXT":{"message_0":{"text":"You have no one to play tag with.\n"},"message_1":{"text":"You awkwardly tagged yourself.\n"},"message_2":{"faceset":"02_AUBREY_OW","faceindex":2,"text":"\\aubI can't tag myself, silly!\n"},"message_3":{"faceset":"03_KEL_BATTLE","faceindex":4,"text":"\\kel\\{TAG, I'M IT!\n"},"message_4":{"faceset":"03_KEL_OW2","faceindex":0,"text":"\\kel...Wait...\n"},"message_5":{"faceset":"04_HERO_OW","faceindex":1,"text":"\\herTag myself?\n"},"message_6":{"faceset":"04_HERO_OW","faceindex":5,"text":"\\herI can't do that!\n"}}}}