{ "columns":32,
 "image":"..\/img\/tilesets\/XP_Autotile.png",
 "imageheight":1024,
 "imagewidth":1024,
 "margin":0,
 "name":"XP_Autotile",
 "spacing":0,
 "terrains":[
        {
         "name":"Dirt Path",
         "tile":65
        }, 
        {
         "name":"Small Cliff",
         "tile":5
        }, 
        {
         "name":"Brick Path",
         "tile":41
        }, 
        {
         "name":"Cliff Tiles",
         "tile":174
        }, 
        {
         "name":"Cliff Top",
         "tile":12
        }, 
        {
         "name":"Water with Light Grass",
         "tile":225
        }, 
        {
         "name":"Waterfall",
         "tile":545
        }, 
        {
         "name":"Water with Dark Grass",
         "tile":233
        }, 
        {
         "name":"Long Grass",
         "tile":53
        }, 
        {
         "name":"Tower roof",
         "tile":241
        }],
 "tilecount":1024,
 "tileheight":32,
 "tiles":
    {
     "0":
        {
         "terrain":[-1, -1, -1, 0]
        },
     "1":
        {
         "terrain":[-1, -1, 0, 0]
        },
     "10":
        {
         "terrain":[-1, -1, 2, 2]
        },
     "100":
        {
         "terrain":[-1, 1, -1, -1]
        },
     "101":
        {
         "terrain":[1, 1, -1, -1]
        },
     "102":
        {
         "terrain":[1, 1, -1, -1]
        },
     "103":
        {
         "terrain":[1, -1, -1, -1]
        },
     "104":
        {
         "terrain":[-1, 2, -1, -1]
        },
     "105":
        {
         "terrain":[2, 2, -1, -1]
        },
     "106":
        {
         "terrain":[2, 2, -1, -1]
        },
     "107":
        {
         "terrain":[2, -1, -1, -1]
        },
     "108":
        {
         "terrain":[-1, 4, -1, -1]
        },
     "109":
        {
         "terrain":[4, 4, -1, -1]
        },
     "11":
        {
         "terrain":[-1, -1, 2, -1]
        },
     "110":
        {
         "terrain":[4, 4, -1, -1]
        },
     "111":
        {
         "terrain":[4, -1, -1, -1]
        },
     "112":
        {
         "terrain":[-1, 3, -1, -1]
        },
     "113":
        {
         "terrain":[3, 3, -1, -1]
        },
     "114":
        {
         "terrain":[3, 3, -1, -1]
        },
     "115":
        {
         "terrain":[3, -1, -1, -1]
        },
     "12":
        {
         "terrain":[-1, -1, -1, 4]
        },
     "13":
        {
         "terrain":[-1, -1, 4, 4]
        },
     "130":
        {
         "terrain":[-1, 0, 0, 0]
        },
     "131":
        {
         "terrain":[0, -1, 0, 0]
        },
     "134":
        {
         "terrain":[-1, 1, 1, 1]
        },
     "135":
        {
         "terrain":[1, -1, 1, 1]
        },
     "138":
        {
         "terrain":[-1, 2, 2, 2]
        },
     "139":
        {
         "terrain":[2, -1, 2, 2]
        },
     "14":
        {
         "terrain":[-1, -1, 4, 4]
        },
     "140":
        {
         "terrain":[-1, -1, -1, 3]
        },
     "141":
        {
         "terrain":[-1, -1, 3, 3]
        },
     "142":
        {
         "terrain":[-1, -1, 3, 3]
        },
     "143":
        {
         "terrain":[-1, -1, 3, -1]
        },
     "15":
        {
         "terrain":[-1, -1, 4, -1]
        },
     "162":
        {
         "terrain":[0, 0, -1, 0]
        },
     "163":
        {
         "terrain":[0, 0, 0, -1]
        },
     "166":
        {
         "terrain":[1, 1, -1, 1]
        },
     "167":
        {
         "terrain":[1, 1, 1, -1]
        },
     "170":
        {
         "terrain":[2, 2, -1, 2]
        },
     "171":
        {
         "terrain":[2, 2, 2, -1]
        },
     "172":
        {
         "terrain":[-1, 3, -1, 3]
        },
     "173":
        {
         "terrain":[3, 3, 3, 3]
        },
     "174":
        {
         "terrain":[3, 3, 3, 3]
        },
     "175":
        {
         "terrain":[3, -1, 3, -1]
        },
     "2":
        {
         "terrain":[-1, -1, 0, 0]
        },
     "20":
        {
         "terrain":[-1, -1, -1, 8]
        },
     "204":
        {
         "terrain":[-1, 3, -1, -1]
        },
     "205":
        {
         "terrain":[3, 3, -1, -1]
        },
     "206":
        {
         "terrain":[3, 3, -1, -1]
        },
     "207":
        {
         "terrain":[3, -1, -1, -1]
        },
     "21":
        {
         "terrain":[-1, -1, 8, 8]
        },
     "22":
        {
         "terrain":[-1, -1, 8, -1]
        },
     "224":
        {
         "animation":[
                {
                 "duration":300,
                 "tileid":224
                }, 
                {
                 "duration":300,
                 "tileid":228
                }, 
                {
                 "duration":300,
                 "tileid":416
                }, 
                {
                 "duration":300,
                 "tileid":420
                }],
         "terrain":[-1, -1, -1, 5]
        },
     "225":
        {
         "animation":[
                {
                 "duration":300,
                 "tileid":225
                }, 
                {
                 "duration":300,
                 "tileid":229
                }, 
                {
                 "duration":300,
                 "tileid":417
                }, 
                {
                 "duration":300,
                 "tileid":421
                }],
         "terrain":[-1, -1, 5, 5]
        },
     "226":
        {
         "animation":[
                {
                 "duration":300,
                 "tileid":226
                }, 
                {
                 "duration":300,
                 "tileid":230
                }, 
                {
                 "duration":300,
                 "tileid":418
                }, 
                {
                 "duration":300,
                 "tileid":422
                }],
         "terrain":[-1, -1, 5, 5]
        },
     "227":
        {
         "animation":[
                {
                 "duration":300,
                 "tileid":227
                }, 
                {
                 "duration":300,
                 "tileid":231
                }, 
                {
                 "duration":300,
                 "tileid":419
                }, 
                {
                 "duration":300,
                 "tileid":423
                }],
         "terrain":[-1, -1, 5, -1]
        },
     "232":
        {
         "animation":[
                {
                 "duration":300,
                 "tileid":232
                }, 
                {
                 "duration":300,
                 "tileid":236
                }, 
                {
                 "duration":300,
                 "tileid":424
                }, 
                {
                 "duration":300,
                 "tileid":428
                }],
         "terrain":[-1, -1, -1, 7]
        },
     "233":
        {
         "animation":[
                {
                 "duration":300,
                 "tileid":233
                }, 
                {
                 "duration":300,
                 "tileid":237
                }, 
                {
                 "duration":300,
                 "tileid":425
                }, 
                {
                 "duration":300,
                 "tileid":429
                }],
         "terrain":[-1, -1, 7, 7]
        },
     "234":
        {
         "animation":[
                {
                 "duration":300,
                 "tileid":234
                }, 
                {
                 "duration":300,
                 "tileid":238
                }, 
                {
                 "duration":300,
                 "tileid":426
                }, 
                {
                 "duration":300,
                 "tileid":430
                }],
         "terrain":[-1, -1, 7, 7]
        },
     "235":
        {
         "animation":[
                {
                 "duration":300,
                 "tileid":235
                }, 
                {
                 "duration":300,
                 "tileid":239
                }, 
                {
                 "duration":300,
                 "tileid":427
                }, 
                {
                 "duration":300,
                 "tileid":431
                }],
         "terrain":[-1, -1, 7, -1]
        },
     "240":
        {
         "terrain":[-1, -1, -1, 9]
        },
     "241":
        {
         "terrain":[-1, -1, 9, 9]
        },
     "242":
        {
         "terrain":[-1, -1, 9, -1]
        },
     "243":
        {
         "terrain":[-1, 9, 9, 9]
        },
     "244":
        {
         "terrain":[9, -1, 9, 9]
        },
     "256":
        {
         "animation":[
                {
                 "duration":300,
                 "tileid":256
                }, 
                {
                 "duration":300,
                 "tileid":260
                }, 
                {
                 "duration":300,
                 "tileid":448
                }, 
                {
                 "duration":300,
                 "tileid":452
                }],
         "terrain":[-1, 5, -1, 5]
        },
     "257":
        {
         "terrain":[5, 5, 5, 5]
        },
     "258":
        {
         "terrain":[5, 5, 5, 5]
        },
     "259":
        {
         "animation":[
                {
                 "duration":300,
                 "tileid":259
                }, 
                {
                 "duration":300,
                 "tileid":263
                }, 
                {
                 "duration":300,
                 "tileid":451
                }, 
                {
                 "duration":300,
                 "tileid":455
                }],
         "terrain":[5, -1, 5, -1]
        },
     "264":
        {
         "animation":[
                {
                 "duration":300,
                 "tileid":264
                }, 
                {
                 "duration":300,
                 "tileid":268
                }, 
                {
                 "duration":300,
                 "tileid":456
                }, 
                {
                 "duration":300,
                 "tileid":460
                }],
         "terrain":[-1, 7, -1, 7]
        },
     "265":
        {
         "terrain":[7, 7, 7, 7]
        },
     "266":
        {
         "terrain":[7, 7, 7, 7]
        },
     "267":
        {
         "animation":[
                {
                 "duration":300,
                 "tileid":267
                }, 
                {
                 "duration":300,
                 "tileid":271
                }, 
                {
                 "duration":300,
                 "tileid":459
                }, 
                {
                 "duration":300,
                 "tileid":463
                }],
         "terrain":[7, -1, 7, -1]
        },
     "272":
        {
         "terrain":[-1, 9, -1, 9]
        },
     "273":
        {
         "terrain":[9, 9, 9, 9]
        },
     "274":
        {
         "terrain":[9, -1, 9, -1]
        },
     "275":
        {
         "terrain":[9, 9, -1, 9]
        },
     "276":
        {
         "terrain":[9, 9, 9, -1]
        },
     "288":
        {
         "animation":[
                {
                 "duration":300,
                 "tileid":288
                }, 
                {
                 "duration":300,
                 "tileid":292
                }, 
                {
                 "duration":300,
                 "tileid":480
                }, 
                {
                 "duration":300,
                 "tileid":484
                }],
         "terrain":[-1, 5, -1, 5]
        },
     "289":
        {
         "terrain":[5, 5, 5, 5]
        },
     "290":
        {
         "terrain":[5, 5, 5, 5]
        },
     "291":
        {
         "animation":[
                {
                 "duration":300,
                 "tileid":291
                }, 
                {
                 "duration":300,
                 "tileid":295
                }, 
                {
                 "duration":300,
                 "tileid":483
                }, 
                {
                 "duration":300,
                 "tileid":487
                }],
         "terrain":[5, -1, 5, -1]
        },
     "296":
        {
         "animation":[
                {
                 "duration":300,
                 "tileid":296
                }, 
                {
                 "duration":300,
                 "tileid":300
                }, 
                {
                 "duration":300,
                 "tileid":488
                }, 
                {
                 "duration":300,
                 "tileid":492
                }],
         "terrain":[-1, 7, -1, 7]
        },
     "297":
        {
         "terrain":[7, 7, 7, 7]
        },
     "298":
        {
         "terrain":[7, 7, 7, 7]
        },
     "299":
        {
         "animation":[
                {
                 "duration":300,
                 "tileid":299
                }, 
                {
                 "duration":300,
                 "tileid":303
                }, 
                {
                 "duration":300,
                 "tileid":491
                }, 
                {
                 "duration":300,
                 "tileid":495
                }],
         "terrain":[7, -1, 7, -1]
        },
     "3":
        {
         "terrain":[-1, -1, 0, -1]
        },
     "304":
        {
         "terrain":[-1, 9, -1, -1]
        },
     "305":
        {
         "terrain":[9, 9, -1, -1]
        },
     "306":
        {
         "terrain":[9, -1, -1, -1]
        },
     "32":
        {
         "terrain":[-1, 0, -1, 0]
        },
     "320":
        {
         "animation":[
                {
                 "duration":300,
                 "tileid":320
                }, 
                {
                 "duration":300,
                 "tileid":324
                }, 
                {
                 "duration":300,
                 "tileid":512
                }, 
                {
                 "duration":300,
                 "tileid":516
                }],
         "terrain":[-1, 5, -1, -1]
        },
     "321":
        {
         "animation":[
                {
                 "duration":300,
                 "tileid":321
                }, 
                {
                 "duration":300,
                 "tileid":325
                }, 
                {
                 "duration":300,
                 "tileid":513
                }, 
                {
                 "duration":300,
                 "tileid":517
                }],
         "terrain":[5, 5, -1, -1]
        },
     "322":
        {
         "animation":[
                {
                 "duration":300,
                 "tileid":322
                }, 
                {
                 "duration":300,
                 "tileid":326
                }, 
                {
                 "duration":300,
                 "tileid":514
                }, 
                {
                 "duration":300,
                 "tileid":518
                }],
         "terrain":[5, 5, -1, -1]
        },
     "323":
        {
         "animation":[
                {
                 "duration":300,
                 "tileid":323
                }, 
                {
                 "duration":300,
                 "tileid":327
                }, 
                {
                 "duration":300,
                 "tileid":515
                }, 
                {
                 "duration":300,
                 "tileid":519
                }],
         "terrain":[5, -1, -1, -1]
        },
     "328":
        {
         "animation":[
                {
                 "duration":300,
                 "tileid":328
                }, 
                {
                 "duration":300,
                 "tileid":332
                }, 
                {
                 "duration":300,
                 "tileid":520
                }, 
                {
                 "duration":300,
                 "tileid":524
                }],
         "terrain":[-1, 7, -1, -1]
        },
     "329":
        {
         "animation":[
                {
                 "duration":300,
                 "tileid":329
                }, 
                {
                 "duration":300,
                 "tileid":333
                }, 
                {
                 "duration":300,
                 "tileid":521
                }, 
                {
                 "duration":300,
                 "tileid":525
                }],
         "terrain":[7, 7, -1, -1]
        },
     "33":
        {
         "terrain":[0, 0, 0, 0]
        },
     "330":
        {
         "animation":[
                {
                 "duration":300,
                 "tileid":330
                }, 
                {
                 "duration":300,
                 "tileid":334
                }, 
                {
                 "duration":300,
                 "tileid":522
                }, 
                {
                 "duration":300,
                 "tileid":526
                }],
         "terrain":[7, 7, -1, -1]
        },
     "331":
        {
         "animation":[
                {
                 "duration":300,
                 "tileid":331
                }, 
                {
                 "duration":300,
                 "tileid":335
                }, 
                {
                 "duration":300,
                 "tileid":523
                }, 
                {
                 "duration":300,
                 "tileid":527
                }],
         "terrain":[7, -1, -1, -1]
        },
     "34":
        {
         "terrain":[0, 0, 0, 0]
        },
     "35":
        {
         "terrain":[0, -1, 0, -1]
        },
     "352":
        {
         "animation":[
                {
                 "duration":300,
                 "tileid":352
                }, 
                {
                 "duration":300,
                 "tileid":354
                }, 
                {
                 "duration":300,
                 "tileid":356
                }, 
                {
                 "duration":300,
                 "tileid":358
                }],
         "terrain":[-1, 5, 5, 5]
        },
     "353":
        {
         "animation":[
                {
                 "duration":300,
                 "tileid":353
                }, 
                {
                 "duration":300,
                 "tileid":355
                }, 
                {
                 "duration":300,
                 "tileid":357
                }, 
                {
                 "duration":300,
                 "tileid":359
                }],
         "terrain":[5, -1, 5, 5]
        },
     "36":
        {
         "terrain":[-1, 1, -1, 1]
        },
     "360":
        {
         "animation":[
                {
                 "duration":300,
                 "tileid":360
                }, 
                {
                 "duration":300,
                 "tileid":362
                }, 
                {
                 "duration":300,
                 "tileid":364
                }, 
                {
                 "duration":300,
                 "tileid":366
                }],
         "terrain":[-1, 7, 7, 7]
        },
     "361":
        {
         "animation":[
                {
                 "duration":300,
                 "tileid":361
                }, 
                {
                 "duration":300,
                 "tileid":363
                }, 
                {
                 "duration":300,
                 "tileid":365
                }, 
                {
                 "duration":300,
                 "tileid":367
                }],
         "terrain":[7, -1, 7, 7]
        },
     "37":
        {
         "terrain":[1, 1, 1, 1]
        },
     "38":
        {
         "terrain":[1, 1, 1, 1]
        },
     "384":
        {
         "animation":[
                {
                 "duration":300,
                 "tileid":384
                }, 
                {
                 "duration":300,
                 "tileid":386
                }, 
                {
                 "duration":300,
                 "tileid":388
                }, 
                {
                 "duration":300,
                 "tileid":390
                }],
         "terrain":[5, 5, -1, 5]
        },
     "385":
        {
         "animation":[
                {
                 "duration":300,
                 "tileid":385
                }, 
                {
                 "duration":300,
                 "tileid":387
                }, 
                {
                 "duration":300,
                 "tileid":389
                }, 
                {
                 "duration":300,
                 "tileid":391
                }],
         "terrain":[5, 5, 5, -1]
        },
     "39":
        {
         "terrain":[1, -1, 1, -1]
        },
     "392":
        {
         "animation":[
                {
                 "duration":300,
                 "tileid":392
                }, 
                {
                 "duration":300,
                 "tileid":394
                }, 
                {
                 "duration":300,
                 "tileid":396
                }, 
                {
                 "duration":300,
                 "tileid":398
                }],
         "terrain":[7, 7, -1, 7]
        },
     "393":
        {
         "animation":[
                {
                 "duration":300,
                 "tileid":393
                }, 
                {
                 "duration":300,
                 "tileid":395
                }, 
                {
                 "duration":300,
                 "tileid":397
                }, 
                {
                 "duration":300,
                 "tileid":399
                }],
         "terrain":[7, 7, 7, -1]
        },
     "4":
        {
         "terrain":[-1, -1, -1, 1]
        },
     "40":
        {
         "terrain":[-1, 2, -1, 2]
        },
     "41":
        {
         "terrain":[2, 2, 2, 2]
        },
     "42":
        {
         "terrain":[2, 2, 2, 2]
        },
     "43":
        {
         "terrain":[2, -1, 2, -1]
        },
     "44":
        {
         "terrain":[-1, 4, -1, 4]
        },
     "45":
        {
         "terrain":[4, 4, 4, 4]
        },
     "46":
        {
         "terrain":[4, 4, 4, 4]
        },
     "47":
        {
         "terrain":[4, -1, 4, -1]
        },
     "48":
        {
         "terrain":[-1, 4, 4, 4]
        },
     "49":
        {
         "terrain":[4, -1, 4, 4]
        },
     "5":
        {
         "terrain":[-1, -1, 1, 1]
        },
     "52":
        {
         "terrain":[-1, 8, -1, 8]
        },
     "53":
        {
         "terrain":[8, 8, 8, 8]
        },
     "54":
        {
         "terrain":[8, -1, 8, -1]
        },
     "544":
        {
         "animation":[
                {
                 "duration":300,
                 "tileid":544
                }, 
                {
                 "duration":300,
                 "tileid":548
                }, 
                {
                 "duration":300,
                 "tileid":736
                }, 
                {
                 "duration":300,
                 "tileid":740
                }],
         "terrain":[-1, -1, -1, 6]
        },
     "545":
        {
         "animation":[
                {
                 "duration":300,
                 "tileid":545
                }, 
                {
                 "duration":300,
                 "tileid":549
                }, 
                {
                 "duration":300,
                 "tileid":737
                }, 
                {
                 "duration":300,
                 "tileid":741
                }],
         "terrain":[-1, -1, 6, 6]
        },
     "546":
        {
         "animation":[
                {
                 "duration":300,
                 "tileid":546
                }, 
                {
                 "duration":300,
                 "tileid":550
                }, 
                {
                 "duration":300,
                 "tileid":738
                }, 
                {
                 "duration":300,
                 "tileid":742
                }],
         "terrain":[-1, -1, 6, 6]
        },
     "547":
        {
         "animation":[
                {
                 "duration":300,
                 "tileid":547
                }, 
                {
                 "duration":300,
                 "tileid":551
                }, 
                {
                 "duration":300,
                 "tileid":739
                }, 
                {
                 "duration":300,
                 "tileid":743
                }],
         "terrain":[-1, -1, 6, -1]
        },
     "55":
        {
         "terrain":[-1, 8, 8, 8]
        },
     "56":
        {
         "terrain":[8, -1, 8, 8]
        },
     "576":
        {
         "animation":[
                {
                 "duration":300,
                 "tileid":576
                }, 
                {
                 "duration":300,
                 "tileid":580
                }, 
                {
                 "duration":300,
                 "tileid":768
                }, 
                {
                 "duration":300,
                 "tileid":772
                }],
         "terrain":[-1, 6, -1, 6]
        },
     "577":
        {
         "animation":[
                {
                 "duration":300,
                 "tileid":577
                }, 
                {
                 "duration":300,
                 "tileid":581
                }, 
                {
                 "duration":300,
                 "tileid":769
                }, 
                {
                 "duration":300,
                 "tileid":773
                }],
         "terrain":[6, 6, 6, 6]
        },
     "578":
        {
         "animation":[
                {
                 "duration":300,
                 "tileid":578
                }, 
                {
                 "duration":300,
                 "tileid":582
                }, 
                {
                 "duration":300,
                 "tileid":770
                }, 
                {
                 "duration":300,
                 "tileid":774
                }],
         "terrain":[6, 6, 6, 6]
        },
     "579":
        {
         "animation":[
                {
                 "duration":300,
                 "tileid":579
                }, 
                {
                 "duration":300,
                 "tileid":583
                }, 
                {
                 "duration":300,
                 "tileid":771
                }, 
                {
                 "duration":300,
                 "tileid":775
                }],
         "terrain":[6, -1, 6, -1]
        },
     "6":
        {
         "terrain":[-1, -1, 1, 1]
        },
     "608":
        {
         "animation":[
                {
                 "duration":300,
                 "tileid":608
                }, 
                {
                 "duration":300,
                 "tileid":612
                }, 
                {
                 "duration":300,
                 "tileid":800
                }, 
                {
                 "duration":300,
                 "tileid":804
                }],
         "terrain":[-1, 6, -1, 6]
        },
     "609":
        {
         "animation":[
                {
                 "duration":300,
                 "tileid":609
                }, 
                {
                 "duration":300,
                 "tileid":613
                }, 
                {
                 "duration":300,
                 "tileid":801
                }, 
                {
                 "duration":300,
                 "tileid":805
                }],
         "terrain":[6, 6, 6, 6]
        },
     "610":
        {
         "animation":[
                {
                 "duration":300,
                 "tileid":610
                }, 
                {
                 "duration":300,
                 "tileid":614
                }, 
                {
                 "duration":300,
                 "tileid":802
                }, 
                {
                 "duration":300,
                 "tileid":806
                }],
         "terrain":[6, 6, 6, 6]
        },
     "611":
        {
         "animation":[
                {
                 "duration":300,
                 "tileid":611
                }, 
                {
                 "duration":300,
                 "tileid":615
                }, 
                {
                 "duration":300,
                 "tileid":803
                }, 
                {
                 "duration":300,
                 "tileid":807
                }],
         "terrain":[6, -1, 6, -1]
        },
     "64":
        {
         "terrain":[-1, 0, -1, 0]
        },
     "640":
        {
         "animation":[
                {
                 "duration":300,
                 "tileid":640
                }, 
                {
                 "duration":300,
                 "tileid":644
                }, 
                {
                 "duration":300,
                 "tileid":832
                }, 
                {
                 "duration":300,
                 "tileid":836
                }],
         "terrain":[-1, 6, -1, -1]
        },
     "641":
        {
         "animation":[
                {
                 "duration":300,
                 "tileid":641
                }, 
                {
                 "duration":300,
                 "tileid":645
                }, 
                {
                 "duration":300,
                 "tileid":833
                }, 
                {
                 "duration":300,
                 "tileid":837
                }],
         "terrain":[6, 6, -1, -1]
        },
     "642":
        {
         "animation":[
                {
                 "duration":300,
                 "tileid":642
                }, 
                {
                 "duration":300,
                 "tileid":646
                }, 
                {
                 "duration":300,
                 "tileid":834
                }, 
                {
                 "duration":300,
                 "tileid":838
                }],
         "terrain":[6, 6, -1, -1]
        },
     "643":
        {
         "animation":[
                {
                 "duration":300,
                 "tileid":643
                }, 
                {
                 "duration":300,
                 "tileid":647
                }, 
                {
                 "duration":300,
                 "tileid":835
                }, 
                {
                 "duration":300,
                 "tileid":839
                }],
         "terrain":[6, -1, -1, -1]
        },
     "65":
        {
         "terrain":[0, 0, 0, 0]
        },
     "66":
        {
         "terrain":[0, 0, 0, 0]
        },
     "67":
        {
         "terrain":[0, -1, 0, -1]
        },
     "68":
        {
         "terrain":[-1, 1, -1, 1]
        },
     "69":
        {
         "terrain":[1, 1, 1, 1]
        },
     "7":
        {
         "terrain":[-1, -1, 1, -1]
        },
     "70":
        {
         "terrain":[1, 1, 1, 1]
        },
     "71":
        {
         "terrain":[1, -1, 1, -1]
        },
     "72":
        {
         "terrain":[-1, 2, -1, 2]
        },
     "73":
        {
         "terrain":[2, 2, 2, 2]
        },
     "74":
        {
         "terrain":[2, 2, 2, 2]
        },
     "75":
        {
         "terrain":[2, -1, 2, -1]
        },
     "76":
        {
         "terrain":[-1, 4, -1, 4]
        },
     "77":
        {
         "terrain":[4, 4, 4, 4]
        },
     "78":
        {
         "terrain":[4, 4, 4, 4]
        },
     "79":
        {
         "terrain":[4, -1, 4, -1]
        },
     "8":
        {
         "terrain":[-1, -1, -1, 2]
        },
     "80":
        {
         "terrain":[4, 4, -1, 4]
        },
     "81":
        {
         "terrain":[4, 4, 4, -1]
        },
     "84":
        {
         "terrain":[-1, 8, -1, -1]
        },
     "85":
        {
         "terrain":[8, 8, -1, -1]
        },
     "86":
        {
         "terrain":[8, -1, -1, -1]
        },
     "87":
        {
         "terrain":[8, 8, -1, 8]
        },
     "88":
        {
         "terrain":[8, 8, 8, -1]
        },
     "9":
        {
         "terrain":[-1, -1, 2, 2]
        },
     "96":
        {
         "terrain":[-1, 0, -1, -1]
        },
     "97":
        {
         "terrain":[0, 0, -1, -1]
        },
     "98":
        {
         "terrain":[0, 0, -1, -1]
        },
     "99":
        {
         "terrain":[0, -1, -1, -1]
        }
    },
 "tilewidth":32,
 "type":"tileset"
}